time,a,e,radius1,radius2,m1,m2,stype1,stype2,eventString,dm1,dm2,stype_pair
1.0960976e-05,760.0017713596434,0.68,20.33758125042034,19.105673791526943,143.99985600000318,130.9998828794623,1,1,MS + MS,0.0,0.0,"(1, 1)"
0.34256354158800006,784.1961288406217,0.68,21.847358270725362,20.471451971191378,139.32311287120552,127.19221535519779,1,1,MS + MS,0.0,0.0,"(1, 1)"
0.6588057248380003,809.9150402634988,0.68,23.309283579997487,21.80555178677198,134.66346001304512,123.3886544455735,1,1,MS + MS,0.0,0.0,"(1, 1)"
0.9438312368950005,836.4664314699309,0.68,24.748622474053516,23.130247551318043,130.1596489554254,119.70129083692802,1,1,MS + MS,0.0,0.0,"(1, 1)"
1.2028374700940003,863.8800996586963,0.68,26.218301821354043,24.491200582707418,125.80646757890078,116.12558844878802,1,1,MS + MS,0.0,0.0,"(1, 1)"
1.4404400037320004,892.1882891514598,0.68,27.76357725805492,25.926281106709226,121.59887808318489,112.65693003844889,1,1,MS + MS,0.0,0.0,"(1, 1)"
1.6607702779809999,921.4270066514368,0.68,29.43630558632422,27.47801063558801,117.53201115691888,109.29039274826107,1,1,MS + MS,0.0,0.0,"(1, 1)"
1.8675970953560006,951.6376011799315,0.68,31.313612605168874,29.209010779934903,113.60116034235314,106.02056163741581,1,1,MS + MS,0.0,0.0,"(1, 1)"
2.064561992538001,982.8699173166351,0.68,33.52740002090898,31.225817456150132,109.80177658929117,102.84110217785175,1,1,MS + MS,0.0,0.0,"(1, 1)"
2.255640181904001,1015.189399733777,0.68,36.32293323330585,33.725412019040846,106.12946298988584,99.74373537747435,1,1,MS + MS,0.0,0.0,"(1, 1)"
2.4461668866800013,1048.6944278578922,0.68,40.20778086151707,37.111658310633125,102.57996969074229,96.71572896071922,1,1,MS + MS,0.0,0.0,"(1, 1)"
2.6458277820310014,1083.5665514212437,0.68,46.46498585433573,42.38947312836454,99.14918897454073,93.7326311570434,1,1,MS + MS,0.0,0.0,"(1, 1)"
2.6673896163241833,1086.9044843626757,0.6799999999999999,47.71327086827324,43.39476494301658,98.84773093197748,93.45938966962777,1,1,MS + MS,0.0,0.0,
2.688951450617365,1090.2424173041077,0.68,48.961555882210746,44.400056757668615,98.54627288941424,93.18614818221216,1,1,MS + MS,0.0,0.0,
2.7105132849105473,1093.5803502455396,0.68,50.209840896148265,45.405348572320655,98.244814846851,92.91290669479655,1,1,MS + MS,0.0,0.0,
2.732075119203729,1096.9182831869716,0.68,51.458125910085776,46.41064038697269,97.94335680428776,92.63966520738092,1,1,MS + MS,0.0,0.0,
2.753636953496911,1100.2562161284036,0.6799999999999999,52.70641092402329,47.41593220162473,97.64189876172452,92.3664237199653,1,1,MS + MS,0.0,0.0,
2.775198787790093,1103.5941490698356,0.68,53.95469593796079,48.42122401627677,97.34044071916128,92.09318223254968,1,1,MS + MS,0.0,0.0,
2.7967606220832746,1106.9320820112675,0.68,55.20298095189831,49.4265158309288,97.03898267659802,91.81994074513406,1,1,MS + MS,0.0,0.0,
2.818322456376457,1110.2700149526995,0.68,56.45126596583582,50.43180764558084,96.73752463403478,91.54669925771844,1,1,MS + MS,0.0,0.0,
2.839884290669638,1113.6079478941315,0.68,57.699550979773335,51.43709946023288,96.43606659147153,91.27345777030283,1,1,MS + MS,0.0,0.0,
2.8614461249628205,1116.9458808355635,0.68,58.94783599371085,52.44239127488491,96.1346085489083,91.00021628288721,1,1,MS + MS,0.0,0.0,
2.8830079592560023,1120.2838137769954,0.68,60.19612100764836,53.44768308953695,95.83315050634505,90.72697479547159,1,1,MS + MS,0.0,0.0,"(1, 1)"
2.9707887040620027,1145.252337678872,0.68,66.68831260002109,60.07879936804178,92.64070226601173,89.85208276983673,1,1,MS + MS,0.0,0.0,"(1, 1)"
3.011086931155004,1167.1765238743023,0.68,68.68998408964526,63.87254521710627,89.55860927426751,89.5062402979994,1,1,MS + MS,0.0,0.0,"(1, 1)"
3.041842155481003,1188.5668309257667,0.68,69.63383152918271,67.17150449933887,86.57438765652174,89.26788156534815,1,1,MS + MS,0.0,0.0,"(1, 1)"
3.0856225172910023,1224.7920832636285,0.68,72.52432615482545,70.41368719870418,83.70521514262985,86.9362280278086,1,1,MS + MS,0.0,0.0,"(1, 1)"
3.1192904431680017,1261.5692937065382,0.68,74.57191269468117,72.33637157915103,81.23416447594686,84.43274713521214,1,1,MS + MS,0.0,0.0,"(1, 1)"
3.1405804037160006,1298.9975554758785,0.68,74.7861957425344,72.64308523394062,78.83168250934445,82.06183710568486,1,1,MS + MS,0.0,0.0,"(1, 1)"
3.168144808877,1334.9466462825235,0.68,76.380020581767,74.00180631788936,76.74164211894163,79.8191382342241,1,1,MS + MS,0.0,0.0,"(1, 1)"
3.198038413678001,1375.0351590444213,0.68,78.09699373347985,75.70492346694019,74.45038205202133,77.5459413125957,1,1,MS + MS,0.0,0.0,"(1, 1)"
3.2271502275200015,1414.7791647330007,0.68,80.02840663130024,77.42621898311704,72.37164681834375,75.35479267249814,1,1,MS + MS,0.0,0.0,"(1, 1)"
3.2570851843870012,1458.6283215357723,0.68,81.9367450241191,79.2373309755476,70.17243217465446,73.11306803541935,1,1,MS + MS,0.0,0.0,"(1, 1)"
3.2868594151450017,1503.112157399867,0.68,83.88497304640366,81.16762103876168,68.09382614717663,70.95121293584765,1,1,MS + MS,0.0,0.0,"(1, 1)"
3.289711574781729,1506.6870949817385,0.6799999999999999,81.79223753449693,81.36096526869596,67.9747810963731,70.74799036318612,1,1,MS + MS,0.0,0.0,
3.292563734418456,1510.26203256361,0.68,79.69950202259022,81.55430949863025,67.85573604556959,70.54476779052457,1,1,MS + MS,0.0,0.0,
3.2954158940551834,1513.8369701454815,0.68,77.60676651068351,81.74765372856453,67.73669099476608,70.34154521786304,1,1,MS + MS,0.0,0.0,
3.2982680536919107,1517.411907727353,0.68,75.51403099877679,81.94099795849881,67.61764594396256,70.1383226452015,1,1,MS + MS,0.0,0.0,
3.301120213328638,1520.9868453092245,0.6799999999999999,73.42129548687006,82.1343421884331,67.49860089315904,69.93510007253997,1,1,MS + MS,0.0,0.0,
3.303972372965365,1524.561782891096,0.68,71.32855997496335,82.32768641836738,67.37955584235553,69.73187749987842,1,1,MS + MS,0.0,0.0,
3.3068245326020924,1528.1367204729675,0.68,69.23582446305664,82.52103064830166,67.26051079155201,69.52865492721689,1,1,MS + MS,0.0,0.0,
3.3096766922388197,1531.711658054839,0.68,67.14308895114992,82.71437487823594,67.14146574074849,69.32543235455535,1,1,MS + MS,0.0,0.0,
3.312528851875547,1535.2865956367104,0.68,65.05035343924321,82.90771910817023,67.02242068994497,69.12220978189382,1,1,MS + MS,0.0,0.0,
3.315381011512274,1538.8615332185818,0.68,62.957617927336486,83.10106333810451,66.90337563914146,68.91898720923227,1,1,MS + MS,0.0,0.0,
3.3182331711490014,1542.4364708004534,0.68,60.86488241542977,83.29440756803879,66.78433058833794,68.71576463657074,1,1,MS + MS,0.0,0.0,"(1, 1)"
3.3182341711490015,1542.4369718433352,0.68,58.719567360318976,83.2945332254606,66.78432694132628,68.71572426793739,2,1,HG + MS,0.0,0.0,"(2, 1)"
3.3183227778885014,1542.4817167818242,0.68,64.78808157010911,83.3056697642239,66.7839733402417,68.71214734231332,2,1,HG + MS,0.0,0.0,
3.3184113846280017,1542.5264617203131,0.68,70.85659577989925,83.31680630298719,66.78361973915712,68.70857041668924,2,1,HG + MS,0.0,0.0,"(2, 1)"
3.318454252835002,1542.5693759846263,0.68,74.22784245799338,83.32219741505341,66.78158034944741,68.7068405199117,2,1,HG + MS,0.0,0.0,
3.3184971210420016,1542.6122902489394,0.68,77.59908913608751,83.32758852711964,66.77954095973769,68.70511062313415,2,1,HG + MS,0.0,0.0,"(2, 1)"
3.3185421695095014,1542.6561962637106,0.68,81.48809852566708,83.33325580453727,66.77750255712272,68.70329306495358,2,1,HG + MS,0.0,0.0,
3.3185872179770017,1542.7001022784816,0.68,85.37710791524667,83.3389230819549,66.77546415450776,68.70147550677301,2,1,HG + MS,0.0,0.0,"(2, 1)"
3.318632160393002,1542.7975239892303,0.68,89.6453298030561,83.34457905630859,66.76872279210775,68.69966256334318,2,1,HG + MS,0.0,0.0,
3.318677102809002,1542.894945699979,0.68,93.91355169086553,83.35023503066226,66.76198142970776,68.69784961991336,2,1,HG + MS,0.0,0.0,"(2, 1)"
3.318722049158502,1543.0485587016071,0.68,98.60920465506574,83.34667943234092,66.75523947728276,68.69110766748835,2,1,HG + MS,0.0,0.0,
3.318766995508002,1543.2021717032353,0.68,103.30485761926595,83.34312383401958,66.74849752485775,68.68436571506335,2,1,HG + MS,0.0,0.0,"(2, 1)"
3.318811940472002,1543.2996472063437,0.68,108.47017150315705,83.34878259243739,66.74175578025776,68.68255399906174,2,1,HG + MS,0.0,0.0,
3.318856885436002,1543.3971227094523,0.68,113.63548538704813,83.3544413508552,66.73501403565776,68.68074228306013,2,1,HG + MS,0.0,0.0,"(2, 1)"
3.318901829277502,1543.4946165918466,0.68,119.31747994819355,83.36010200488288,66.72827245943276,68.6789309470674,2,1,HG + MS,0.0,0.0,
3.318946773119002,1543.5921104742408,0.68,124.99947450933895,83.36576265891055,66.72153088320776,68.67711961107467,2,1,HG + MS,0.0,0.0,"(2, 1)"
3.318991715830002,1543.7458498936564,0.68,131.24984524060403,83.3622026737069,66.71478947655777,68.67037820442468,2,1,HG + MS,0.0,0.0,
3.3190366585410023,1543.899589313072,0.68,137.5002159718691,83.35864268850325,66.70804806990776,68.66363679777467,2,1,HG + MS,0.0,0.0,"(2, 1)"
3.319081600126502,1543.9971266304915,0.68,144.37583387934296,83.36430552145245,66.70130683208276,68.66182688177159,2,1,HG + MS,0.0,0.0,
3.319126541712002,1544.0946639479112,0.68,151.25145178681683,83.36996835440165,66.69456559425777,68.66001696576849,2,1,HG + MS,0.0,0.0,"(2, 1)"
3.319171482176002,1544.19221966682,0.68,158.81487979510268,83.37563308413692,66.68782452465777,68.65820742924538,2,1,HG + MS,0.0,0.0,
3.319216422640002,1544.2897753857287,0.68,166.37830780338857,83.38129781387218,66.68108345505777,68.65639789272228,2,1,HG + MS,0.0,0.0,"(2, 1)"
3.319238892313002,1544.3385593702146,0.68,170.4391711690996,83.38413097159253,66.67771300410777,68.65549331408283,2,1,HG + MS,0.0,0.0,
3.319261361986002,1544.3873433547003,0.68,174.50003453481065,83.38696412931287,66.67434255315777,68.65458873544338,2,1,HG + MS,0.0,0.0,"(2, 1)"
3.3192843797465024,1544.4373227092278,0.68,178.86568447467255,83.38986692045489,66.67088988908277,68.65366217760723,2,1,HG + MS,0.0,0.0,
3.319307397507002,1544.4873020637551,0.68,183.23133441453442,83.39276971159693,66.66743722500777,68.65273561977108,2,1,HG + MS,0.0,0.0,"(2, 1)"
3.3193206411080025,1544.5326517873077,0.68,185.84153500598904,83.39171933710372,66.66545068485777,68.65074907962108,2,1,HG + MS,0.0,0.0,
3.3193338847090024,1544.5780015108605,0.68,188.4517355974437,83.39066896261053,66.66346414470777,68.64876253947108,2,1,HG + MS,0.0,0.0,"(2, 1)"
3.3193362926082752,1513.6485358071486,0.6181818181818182,171.47987334865198,82.02120476295234,63.16266937252413,68.83981809043102,2,1,HG + MS,0.0,0.0,
3.3193387005075476,1482.7190701034372,0.5563636363636364,154.5080110998603,80.65174056329414,59.66187460034048,69.03087364139098,2,1,HG + MS,0.0,0.0,
3.319341108406821,1451.7896043997255,0.4945454545454546,137.53614885106862,79.28227636363596,56.16107982815685,69.22192919235093,2,1,HG + MS,0.0,0.0,
3.319343516306094,1420.8601386960138,0.43272727272727274,120.56428660227692,77.91281216397776,52.660285055973205,69.41298474331087,2,1,HG + MS,0.0,0.0,
3.319345924205366,1389.9306729923019,0.3709090909090909,103.59242435348523,76.54334796431957,49.15949028378956,69.60404029427082,2,1,HG + MS,0.0,0.0,
3.3193483321046386,1359.0012072885904,0.30909090909090914,86.62056210469355,75.17388376466137,45.65869551160593,69.79509584523078,2,1,HG + MS,0.0,0.0,
3.3193507400039115,1328.0717415848787,0.2472727272727273,69.64869985590185,73.80441956500317,42.15790073942228,69.98615139619073,2,1,HG + MS,0.0,0.0,
3.3193531479031844,1297.142275881167,0.18545454545454546,52.67683760711015,72.43495536534499,38.657105967238635,70.17720694715068,2,1,HG + MS,0.0,0.0,
3.319355555802457,1266.2128101774554,0.12363636363636361,35.70497535831845,71.0654911656868,35.156311195055,70.36826249811062,2,1,HG + MS,0.0,0.0,
3.3193579637017296,1235.2833444737437,0.06181818181818184,18.73311310952677,69.6960269660286,31.655516422871358,70.55931804907057,2,1,HG + MS,0.0,0.0,
3.3193603716010025,1204.353878770032,0.0,1.7612508607350719,68.3265627663704,28.154721650687716,70.75037360003053,7,1,HeMS + MS,0.0,0.0,"(7, 1)"
3.324912449726003,1212.4281520018665,0.0,1.7517974872065991,68.75496160357112,27.84656358606154,70.49777377181036,7,1,HeMS + MS,0.0,0.0,"(7, 1)"
3.3309905207910036,1221.2399856303048,0.0,1.7415968225798735,69.2347493775775,27.514236583731947,70.22447919094897,7,1,HeMS + MS,0.0,0.0,"(7, 1)"
3.3370919547530042,1230.0561707885731,0.0,1.7315117535419724,69.72797805591573,27.185875644749384,69.95348710900451,7,1,HeMS + MS,0.0,0.0,"(7, 1)"
3.343217959731004,1238.8773564193184,0.0,1.7215408775568943,70.23513946665415,26.861433437367403,69.68473361141439,7,1,HeMS + MS,0.0,0.0,"(7, 1)"
3.3488560774090037,1246.9683640688145,0.0,1.7125000388667013,70.71271727563669,26.56743062513757,69.44029059255074,7,1,HeMS + MS,0.0,0.0,"(7, 1)"
3.355032538958003,1255.800834840062,0.0,1.7027441628116555,71.2480475445655,26.250369076316467,69.17565944638392,7,1,HeMS + MS,0.0,0.0,"(7, 1)"
3.3612370752900036,1264.6400253347604,0.0,1.6930984437004548,71.79888884791858,25.937091409671286,68.9130964047579,7,1,HeMS + MS,0.0,0.0,"(7, 1)"
3.367470885106003,1273.4864698695212,0.0,1.6835614787815596,72.36583642818688,25.627552467411473,68.6525480721395,7,1,HeMS + MS,0.0,0.0,"(7, 1)"
3.373735167823004,1282.340676495259,0.0,1.6741318302104369,72.94951587477645,25.321707630961352,68.39396344731279,7,1,HeMS + MS,0.0,0.0,"(7, 1)"
3.379505222551004,1290.464264123934,0.0,1.665580986824887,73.49981503214117,25.04455737116465,68.15861096314181,7,1,HeMS + MS,0.0,0.0,"(7, 1)"
3.385831272139004,1299.334676687566,0.0,1.656352791693628,74.11743158761,24.74567012610701,67.90365584034583,7,1,HeMS + MS,0.0,0.0,"(7, 1)"
3.392191308007004,1308.214191915635,0.0,1.647227325161527,74.753795777534,24.450349866977504,67.65052842337573,7,1,HeMS + MS,0.0,0.0,"(7, 1)"
3.398586543497004,1317.1032234839654,0.0,1.638202799821546,75.40967102920202,24.15855402462613,67.39918617234999,7,1,HeMS + MS,0.0,0.0,"(7, 1)"
3.4050181981870042,1326.002162637715,0.0,1.6292772712856438,76.08586153842897,23.870240537951137,67.14958850651047,7,1,HeMS + MS,0.0,0.0,"(7, 1)"
3.410946922586004,1334.1685428684152,0.0,1.6211806833837121,76.72427230537886,23.60897682458962,66.92229013753104,7,1,HeMS + MS,0.0,0.0,"(7, 1)"
3.4174518170480037,1343.0874854440299,0.0,1.6124387386210117,77.44180887319854,23.32722211286382,66.67592966972381,7,1,HeMS + MS,0.0,0.0,"(7, 1)"
3.423996733094003,1352.0173528638782,0.0,1.6037888959533964,78.18226446821589,23.048829923670436,66.43120598301338,7,1,HeMS + MS,0.0,0.0,"(7, 1)"
3.4305829245700035,1360.9584524765323,0.0,1.5952282443768686,78.9466300316231,22.773760128018473,66.18808554233095,7,1,HeMS + MS,0.0,0.0,"(7, 1)"
3.4372116565070034,1369.9143283844462,0.0,1.5867535199299796,79.66173693790084,22.501973075681992,65.94637216177495,7,1,HeMS + MS,0.0,0.0,"(7, 1)"
3.443326455298003,1378.1701976557836,0.0,1.5790573829131247,79.71222256163836,22.255685274940106,65.72435761727887,7,1,HeMS + MS,0.0,0.0,"(7, 1)"
3.4500403041750025,1387.3043279710098,0.0,1.5707367116600484,78.22293955819765,21.990081041608583,65.47787371011847,7,1,HeMS + MS,0.0,0.0,"(7, 1)"
3.4568004560400025,1396.6918298713636,0.0,1.5624899420355045,74.30645333499066,21.727646587471046,65.22113284907385,7,1,HeMS + MS,0.0,0.0,"(7, 1)"
3.463608228925003,1406.5119311106237,0.0,1.5543119044245495,67.45628051959854,21.4683440837813,64.94566649098856,7,1,HeMS + MS,0.0,0.0,"(7, 1)"
3.470302417728003,1414.3619635060218,0.0,1.5463879558340625,58.16083730501104,21.218156161380616,64.76329493475097,7,1,HeMS + MS,0.0,0.0,"(7, 1)"
3.470303417728003,1414.3626442675102,0.0,1.5463867818020214,56.15352842833254,21.218119166736948,64.76329144304725,7,2,HeMS + HG,0.0,0.0,"(7, 2)"
3.470319911179185,1414.374168988777,0.0,1.5463674146786073,57.2142800655625,21.217508999098513,64.7632286315118,7,2,HeMS + HG,0.0,0.0,
3.4703364046303666,1414.3856937100436,0.0,1.5463480475551932,58.27503170279246,21.216898831460078,64.76316581997634,7,2,HeMS + HG,0.0,0.0,
3.470352898081549,1414.3972184313106,0.0,1.5463286804317793,59.33578334002242,21.216288663821647,64.7631030084409,7,2,HeMS + HG,0.0,0.0,
3.4703693915327305,1414.4087431525772,0.0,1.5463093133083654,60.39653497725237,21.215678496183216,64.76304019690545,7,2,HeMS + HG,0.0,0.0,
3.470385884983912,1414.420267873844,0.0,1.5462899461849513,61.457286614482335,21.21506832854478,64.76297738537,7,2,HeMS + HG,0.0,0.0,
3.4704023784350944,1414.431792595111,0.0,1.5462705790615374,62.5180382517123,21.214458160906347,64.76291457383454,7,2,HeMS + HG,0.0,0.0,
3.4704188718862756,1414.4433173163777,0.0,1.5462512119381233,63.578789888942254,21.213847993267912,64.76285176229909,7,2,HeMS + HG,0.0,0.0,
3.470435365337458,1414.4548420376445,0.0,1.5462318448147094,64.63954152617221,21.21323782562948,64.76278895076364,7,2,HeMS + HG,0.0,0.0,
3.47045185878864,1414.4663667589111,0.0,1.5462124776912953,65.70029316340218,21.212627657991046,64.76272613922818,7,2,HeMS + HG,0.0,0.0,
3.470468352239821,1414.477891480178,0.0,1.5461931105678814,66.76104480063213,21.21201749035261,64.76266332769274,7,2,HeMS + HG,0.0,0.0,
3.4704848456910034,1414.4894162014448,0.0,1.5461737434444673,67.82179643786209,21.21140732271418,64.76260051615728,7,2,HeMS + HG,0.0,0.0,"(7, 2)"
3.4705721575010036,1414.6335489726835,0.0,1.546071266979503,74.2723534209095,21.208178905946767,64.75875756779726,7,2,HeMS + HG,0.0,0.0,"(7, 2)"
3.4706639549930034,1414.7804317439668,0.0,1.545963544778707,81.71710036618943,21.204785458930516,64.75491427226683,7,2,HeMS + HG,0.0,0.0,"(7, 2)"
3.470755534328003,1414.9223241474472,0.0,1.5458560990348018,89.88780663756296,21.201400947921048,64.75127651334988,7,2,HeMS + HG,0.0,0.0,"(7, 2)"
3.470847123430003,1415.3036213533726,0.0,1.5457486621982286,98.87656617646869,21.198016945220857,64.73753814804988,7,2,HeMS + HG,0.0,0.0,"(7, 2)"
3.470938709524003,1415.6849046683897,0.0,1.5456412492409144,108.76438845077546,21.19463392277157,64.72380023394987,7,2,HeMS + HG,0.0,0.0,"(7, 2)"
3.471030293239003,1416.0661751573155,0.0,1.5455338594046886,119.64129458158537,21.191251857037862,64.71006267669988,7,2,HeMS + HG,0.0,0.0,"(7, 2)"
3.471046944170003,1416.1354931055,0.0,1.5455143402838873,121.92555142373541,21.19063719698712,64.70756503704987,7,2,HeMS + HG,0.0,0.0,
3.471063595101003,1416.2048110536848,0.0,1.5454948211630861,124.20980826588546,21.190022536936375,64.70506739739987,7,2,HeMS + HG,0.0,0.0,
3.471080246032003,1416.2741290018694,0.0,1.5454753020422853,126.49406510803551,21.189407876885635,64.70256975774988,7,2,HeMS + HG,0.0,0.0,
3.4710968969630027,1416.3434469500544,0.0,1.5454557829214841,128.77832195018556,21.188793216834892,64.70007211809988,7,2,HeMS + HG,0.0,0.0,
3.471113547894003,1416.412764898239,0.0,1.545436263800683,131.06257879233561,21.18817855678415,64.69757447844987,7,2,HeMS + HG,0.0,0.0,
3.471130198825003,1416.4820828464237,0.0,1.545416744679882,133.34683563448567,21.18756389673341,64.69507683879988,7,2,HeMS + HG,0.0,0.0,
3.4711468497560034,1416.5514007946083,0.0,1.5453972255590809,135.6310924766357,21.186949236682665,64.69257919914989,7,2,HeMS + HG,0.0,0.0,
3.471163500687003,1416.620718742793,0.0,1.5453777064382797,137.91534931878576,21.18633457663192,64.69008155949987,7,2,HeMS + HG,0.0,0.0,
3.471180151618003,1416.6900366909779,0.0,1.5453581873174786,140.19960616093582,21.185719916581178,64.68758391984989,7,2,HeMS + HG,0.0,0.0,
3.471196802549003,1416.7593546391627,0.0,1.5453386681966776,142.48386300308584,21.185105256530438,64.68508628019988,7,2,HeMS + HG,0.0,0.0,
3.471213453480003,1416.8286725873472,0.0,1.5453191490758764,144.7681198452359,21.184490596479694,64.68258864054988,7,2,HeMS + HG,0.0,0.0,"(7, 2)"
3.471305030023003,1417.2098977172166,0.0,1.5452118285230145,159.24667931841697,21.18111140044867,64.66885215909988,7,2,HeMS + HG,0.0,0.0,"(7, 2)"
3.471396604191003,1417.5911061998106,0.0,1.5451045310058829,175.17368290419728,21.17773315982846,64.65511603389989,7,2,HeMS + HG,0.0,0.0,"(7, 2)"
3.471488175990003,1417.9722975085392,0.0,1.5449972564972567,192.6940753917377,21.174355874108883,64.64138026404989,7,2,HeMS + HG,0.0,0.0,"(7, 2)"
3.471579745426003,1418.3534712264313,0.0,1.544890004969901,211.96731037309186,21.17097954278005,64.62764484864988,7,2,HeMS + HG,0.0,0.0,"(7, 2)"
3.471671312504003,1418.7346270230396,0.0,1.544782776397745,233.1688027544843,21.16760416536921,64.61390978694988,7,2,HeMS + HG,0.0,0.0,"(7, 2)"
3.471762877229003,1419.115764642945,0.0,1.5446755707547073,256.49152716450516,21.164229741403854,64.60017507819988,7,2,HeMS + HG,0.0,0.0,"(7, 2)"
3.4718544396060027,1419.4968838928003,0.0,1.5445683880146968,282.14777627974354,21.16085627041172,64.58644072164988,7,2,HeMS + HG,0.0,0.0,"(7, 2)"
3.471871086671821,1419.5661732418098,0.0,1.5445489064812121,287.53601551772476,21.160243171799767,64.58394366177714,7,2,HeMS + HG,0.0,0.0,
3.471887733737639,1419.6354625908198,0.0,1.5445294249477275,292.924254755706,21.15963007318781,64.58144660190442,7,2,HeMS + HG,0.0,0.0,
3.4719043808034575,1419.7047519398295,0.0,1.544509943414243,298.3124939936872,21.159016974575856,64.5789495420317,7,2,HeMS + HG,0.0,0.0,
3.471921027869276,1419.7740412888393,0.0,1.5444904618807582,303.70073323166844,21.1584038759639,64.57645248215897,7,2,HeMS + HG,0.0,0.0,
3.471937674935093,1419.8433306378488,0.0,1.5444709803472736,309.08897246964966,21.157790777351945,64.57395542228625,7,2,HeMS + HG,0.0,0.0,
3.471954322000912,1419.9126199868588,0.0,1.5444514988137892,314.4772117076309,21.15717767873999,64.57145836241352,7,2,HeMS + HG,0.0,0.0,
3.47197096906673,1419.9819093358685,0.0,1.5444320172803048,319.8654509456121,21.156564580128034,64.56896130254079,7,2,HeMS + HG,0.0,0.0,
3.4719876161325485,1420.0511986848783,0.0,1.5444125357468201,325.2536901835934,21.15595148151608,64.56646424266806,7,2,HeMS + HG,0.0,0.0,
3.4720042631983663,1420.1204880338878,0.0,1.5443930542133355,330.6419294215746,21.155338382904127,64.56396718279534,7,2,HeMS + HG,0.0,0.0,
3.4720209102641846,1420.1897773828978,0.0,1.5443735726798509,336.03016865955584,21.15472528429217,64.5614701229226,7,2,HeMS + HG,0.0,0.0,
3.472037557330003,1420.2590667319075,0.0,1.5443540911463662,341.41840789753707,21.154112185680216,64.55897306304988,7,2,HeMS + HG,0.0,0.0,"(7, 2)"
3.472129112685003,1420.6401301489968,0.0,1.5442469769681548,375.57236308003917,21.15074157107105,64.54523975979987,7,2,HeMS + HG,0.0,0.0,"(7, 2)"
3.472220665707003,1421.021174834154,0.0,1.5441398855943564,413.1439052990086,21.147371907732346,64.53150680649986,7,2,HeMS + HG,0.0,0.0,"(7, 2)"
3.472312216398003,1421.4022007637343,0.0,1.5440328170023372,454.4751105249137,21.14400319530331,64.51777420284986,7,2,HeMS + HG,0.0,0.0,"(7, 2)"
3.472403764762003,1421.7832079423586,0.0,1.543925771167114,499.9423050299465,21.140635433349686,64.50404194824986,7,2,HeMS + HG,0.0,0.0,"(7, 2)"
3.472495310801003,1422.1641963828274,0.0,1.5438187480660286,549.9594937194493,21.13726862151099,64.49031004239987,7,2,HeMS + HG,0.0,0.0,"(7, 2)"
3.472586854517003,1422.5451661116176,0.0,1.5437117476764124,604.9821346529349,21.13390275942686,64.47657848499986,7,2,HeMS + HG,0.0,0.0,"(7, 2)"
3.4726326252150033,1422.7356180340448,0.0,1.5436582611982086,634.5249872317866,21.132220303063583,64.46971288029987,7,2,HeMS + HG,0.0,0.0,"(7, 2)"
3.472706795894003,1423.0442322621466,0.0,1.5435715988659824,685.4943246038982,21.12949439140144,64.45858727844987,7,2,HeMS + HG,0.0,0.0,"(7, 2)"
3.4727092761849123,1333.9585844609544,0.0,1.54768684478146,623.3334614820178,21.236251553990115,61.071458092703814,7,2,HeMS + HG,0.0,0.0,
3.4727117564758214,1244.872936659762,0.0,1.5518020906969379,561.1725983601373,21.343008716578794,57.68432890695777,7,2,HeMS + HG,0.0,0.0,
3.4727142367667305,1155.78728885857,0.0,1.5559173366124157,499.01173523825696,21.449765879167476,54.29719972121171,7,2,HeMS + HG,0.0,0.0,
3.4727167170576396,1066.7016410573776,0.0,1.5600325825278933,436.8508721163765,21.55652304175615,50.910070535465664,7,2,HeMS + HG,0.0,0.0,
3.4727191973485487,977.6159932561854,0.0,1.564147828443371,374.6900089944961,21.66328020434483,47.52294134971961,7,2,HeMS + HG,0.0,0.0,
3.472721677639458,888.5303454549933,0.0,1.5682630743588488,312.5291458726157,21.770037366933508,44.13581216397357,7,2,HeMS + HG,0.0,0.0,
3.472724157930367,799.4446976538011,0.0,1.5723783202743267,250.36828275073526,21.876794529522186,40.74868297822751,7,2,HeMS + HG,0.0,0.0,
3.472726638221276,710.3590498526088,0.0,1.5764935661898043,188.2074196288548,21.983551692110865,37.36155379248146,7,2,HeMS + HG,0.0,0.0,
3.472729118512185,621.2734020514165,0.0,1.580608812105282,126.04655650697435,22.090308854699543,33.97442460673541,7,2,HeMS + HG,0.0,0.0,
3.4727315988030942,532.1877542502243,0.0,1.58472405802076,63.885693385093994,22.197066017288225,30.58729542098936,7,2,HeMS + HG,0.0,0.0,
3.4727340790940033,443.1021064490321,0.0,1.5888393039362376,1.7248302632135453,22.3038231798769,27.20016623524331,7,7,HeMS + HeMS,0.0,0.0,"(7, 7)"
3.482761337584003,451.907996123869,0.0,1.5758462215897575,1.709146456794915,21.89526973966836,26.687988053269443,7,7,HeMS + HeMS,0.0,0.0,"(7, 7)"
3.493379996510003,461.296462564649,0.0,1.5623929565180652,1.6929414231280941,21.47566261753151,26.159268714539255,7,7,HeMS + HeMS,0.0,0.0,"(7, 7)"
3.5040699137820033,470.8134538872371,0.0,1.5491325371969573,1.6770423266381314,21.06636595256035,25.641023906008485,7,7,HeMS + HeMS,0.0,0.0,"(7, 7)"
3.514837125638002,480.4651440888042,0.0,1.5360235694758015,1.6614430256944668,20.666989248309946,25.133046115526774,7,7,HeMS + HeMS,0.0,0.0,"(7, 7)"
3.525687645871002,490.2574516822785,0.0,1.523019695113359,1.6461372784611572,20.277163545605703,24.635131941634942,7,7,HeMS + HeMS,0.0,0.0,"(7, 7)"
3.536627484154002,500.1960787359643,0.0,1.510068843402063,1.6311185153775711,19.896539826011033,24.14708201286208,7,7,HeMS + HeMS,0.0,0.0,"(7, 7)"
3.5476626633070025,510.28654526613605,0.0,1.4971124230840744,1.6163795464538577,19.524787564869023,23.668700907188775,7,7,HeMS + HeMS,0.0,0.0,"(7, 7)"
3.558799235628003,520.5342195841091,0.0,1.4840844472368502,1.6019122011099551,19.161593418848494,23.199797074149327,7,7,HeMS + HeMS,0.0,0.0,"(7, 7)"
3.5694784476470027,530.4199009312536,0.0,1.4715739927957308,1.5884111073861729,18.82421492692615,22.762945704088686,7,7,HeMS + HeMS,0.0,0.0,"(7, 7)"
3.5808303286370027,540.9891198219709,0.0,1.458184153051923,1.574444127621639,18.476867418270444,22.311985909903562,7,7,HeMS + HeMS,0.0,0.0,"(7, 7)"
3.592301775742003,551.730743876641,0.0,1.444475470703497,1.5607144565724536,18.137242774503918,21.869960141056456,7,7,HeMS + HeMS,0.0,0.0,"(7, 7)"
3.603899104510002,562.6497779899167,0.0,1.4303426037266418,1.5472050917573446,17.805084814527998,21.436691404521145,7,7,HeMS + HeMS,0.0,0.0,"(7, 7)"
3.615628732039003,573.7511827320831,0.0,1.4156671935891563,1.5338951295980283,17.480149562913123,21.012006213463266,7,7,HeMS + HeMS,0.0,0.0,"(7, 7)"
3.627497190483002,585.0398898152006,0.0,1.4003163962824265,1.5207589026804398,17.16220448324956,20.595734518144067,7,7,HeMS + HeMS,0.0,0.0,"(7, 7)"
3.6395111404190015,596.5208160871772,0.0,1.384141271751167,1.5077650056937681,16.851027773156197,20.187709637689828,7,7,HeMS + HeMS,0.0,0.0,"(7, 7)"
3.651677384131,608.1988762322162,0.0,1.3669750164360854,1.4948751990332727,16.54640771535181,19.78776819326151,7,7,HeMS + HeMS,0.0,0.0,"(7, 7)"
3.663382712632001,619.4801133340901,0.0,1.34957931822105,1.4826842250530639,16.26290746284673,19.4151652080642,7,7,HeMS + HeMS,0.0,0.0,"(7, 7)"
3.675866093105002,631.5567655248642,0.0,1.3299236705190518,1.469855623140936,15.970499356122343,19.030528745801384,7,7,HeMS + HeMS,0.0,0.0,"(7, 7)"
3.6885227874420017,643.8451440065857,0.0,1.3086611636494883,1.456965937401184,15.684076555415821,18.653512368455505,7,7,HeMS + HeMS,0.0,0.0,"(7, 7)"
3.7013602879860015,656.3502591242616,0.0,1.2855335092689448,1.4439363865650352,15.403461753770104,18.283965113568325,7,7,HeMS + HeMS,0.0,0.0,"(7, 7)"
3.7143862953830022,669.0771678375239,0.0,1.260252859871347,1.4306736405911729,15.128485178229989,17.921739009200902,7,7,HeMS + HeMS,0.0,0.0,"(7, 7)"
3.7276087325560017,682.0309814701765,0.0,1.2324986943803795,1.4170676757376994,14.858984181851541,17.566689015205075,7,7,HeMS + HeMS,0.0,0.0,"(7, 7)"
3.7410357590080014,695.2168729853489,0.0,1.2019143872308837,1.4029893801372615,14.594802863753765,17.218672964670077,7,7,HeMS + HeMS,0.0,0.0,"(7, 7)"
3.754560150470002,708.5260938648414,0.0,1.1684024830961581,1.3884146977516272,14.337950639840976,16.8803943607044,7,7,HeMS + HeMS,0.0,0.0,"(7, 7)"
3.754561150470002,708.5270779897336,0.0,1.1684011361963482,1.388413603107652,14.337931997384443,16.880369812887654,8,7,HeHG + HeMS,0.0,0.0,"(8, 7)"
3.754904977668502,708.8693123856692,0.0,1.1697849252205832,1.3880365347292616,14.331522234757934,16.871929627982205,8,7,HeHG + HeMS,0.0,0.0,
3.755248804867002,709.211546781605,0.0,1.1711687142448182,1.3876594663508712,14.325112472131423,16.863489443076755,8,7,HeHG + HeMS,0.0,0.0,"(8, 7)"
3.7555929095915017,709.5566057656118,0.0,1.1725752588787945,1.387281392503479,14.318599695223892,16.855057698359055,8,7,HeHG + HeMS,0.0,0.0,
3.755937014316002,709.9016647496187,0.0,1.1739818035127711,1.3869033186560868,14.312086918316362,16.846625953641354,8,7,HeHG + HeMS,0.0,0.0,"(8, 7)"
3.756281397119002,710.2496203382495,0.0,1.1754119334165822,1.3865242274239402,14.305468568086328,16.83820264065993,8,7,HeHG + HeMS,0.0,0.0,
3.756625779922002,710.5975759268804,0.0,1.176842063320393,1.3861451361917936,14.298850217856293,16.829779327678505,8,7,HeHG + HeMS,0.0,0.0,"(8, 7)"
3.7569704413560023,710.948502655053,0.0,1.1782966564739852,1.3857650155715997,14.292123648913732,16.821364438011997,8,7,HeHG + HeMS,0.0,0.0,
3.757315102790002,711.2994293832255,0.0,1.1797512496275773,1.385384894951406,14.28539707997117,16.81294954834549,8,7,HeHG + HeMS,0.0,0.0,"(8, 7)"
3.757660043409002,711.6534044183147,0.0,1.1812312360992803,1.38500373285013,14.27855955685087,16.804543073565952,8,7,HeHG + HeMS,0.0,0.0,
3.758004984028002,712.0073794534039,0.0,1.1827112225709833,1.3846225707488538,14.27172203373057,16.796136598786415,8,7,HeHG + HeMS,0.0,0.0,"(8, 7)"
3.7583502043865016,712.3644827129938,0.0,1.1842175886344593,1.3842403549842683,14.264770727020577,16.787738530483832,8,7,HeHG + HeMS,0.0,0.0,
3.7586954247450017,712.7215859725835,0.0,1.185723954697935,1.3838581392196827,14.257819420310584,16.77934046218125,8,7,HeHG + HeMS,0.0,0.0,"(8, 7)"
3.7590409253985015,713.0819002503176,0.0,1.1872577473543013,1.383474857519256,14.250751402547476,16.770950791951357,8,7,HeHG + HeMS,0.0,0.0,
3.759386426052002,713.4422145280516,0.0,1.188791540010668,1.3830915758188291,14.243683384784365,16.76256112172146,8,7,HeHG + HeMS,0.0,0.0,"(8, 7)"
3.759729036490002,713.8024876813759,0.0,1.19033941084715,1.3827107473751787,14.236561543096919,16.7542567035827,8,7,HeHG + HeMS,0.0,0.0,
3.7600716469280018,714.1627608347001,0.0,1.191887281683632,1.3823299189315283,14.22943970140947,16.74595228544394,8,7,HeHG + HeMS,0.0,0.0,"(8, 7)"
3.7604084858240014,714.5199380072788,0.0,1.1934362467581567,1.3819547682718174,14.222324981557625,16.73780242306143,8,7,HeHG + HeMS,0.0,0.0,
3.7607453247200016,714.8771151798576,0.0,1.1949852118326818,1.3815796176121065,14.21521026170578,16.72965256067892,8,7,HeHG + HeMS,0.0,0.0,"(8, 7)"
3.7610765341085015,715.2312738476844,0.0,1.1965356227172235,1.3812100145851964,14.208102656569562,16.72165304880778,8,7,HeHG + HeMS,0.0,0.0,
3.7614077434970015,715.5854325155111,0.0,1.1980860336017654,1.3808404115582862,14.200995051433345,16.71365353693664,8,7,HeHG + HeMS,0.0,0.0,"(8, 7)"
3.7617334608285016,715.9366475661179,0.0,1.19963824609242,1.3804762301749145,14.193894553909173,16.705800320328837,8,7,HeHG + HeMS,0.0,0.0,
3.7620591781600017,716.2878626167246,0.0,1.2011904585830748,1.3801120487915426,14.186794056385,16.697947103721035,8,7,HeHG + HeMS,0.0,0.0,"(8, 7)"
3.7623795364850015,716.6362064584642,0.0,1.202744832982927,1.379753167048462,14.179700659353898,16.69023627049488,8,7,HeHG + HeMS,0.0,0.0,
3.7626998948100017,716.9845503002039,0.0,1.204299207382779,1.3793942853053813,14.172607262322796,16.682525437268723,8,7,HeHG + HeMS,0.0,0.0,"(8, 7)"
3.7630150229510018,717.3300929626134,0.0,1.2058561087730741,1.3790405850223286,14.16552095869142,16.674953212703464,8,7,HeHG + HeMS,0.0,0.0,
3.763330151092002,717.6756356250229,0.0,1.2074130101633693,1.3786868847392757,14.158434655060047,16.667380988138206,8,7,HeHG + HeMS,0.0,0.0,"(8, 7)"
3.7636401738105016,718.0184448575762,0.0,1.2089728086944191,1.3783382514009204,14.15135543773356,16.659943728715543,8,7,HeHG + HeMS,0.0,0.0,
3.763950196529002,718.3612540901296,0.0,1.2105326072254692,1.3779896180625648,14.144276220407074,16.65250646929288,8,7,HeHG + HeMS,0.0,0.0,"(8, 7)"
3.764255234683002,718.7013954543505,0.0,1.2120956784040877,1.377645940670436,14.137204082300798,16.64520065708533,8,7,HeHG + HeMS,0.0,0.0,
3.764560272837002,719.0415368185714,0.0,1.213658749582706,1.377302263278307,14.13013194419452,16.637894844877778,8,7,HeHG + HeMS,0.0,0.0,"(8, 7)"
3.7646148493270015,720.3400221892318,0.0016869608720693906,1.1487806814388235,1.3772406579930374,14.079196884087715,16.636589797118845,8,7,HeHG + HeMS,0.0,0.0,
3.7646694258170017,721.6385075598921,0.003373921744138781,1.0839026132949412,1.3771790527077676,14.028261823980909,16.63528474935991,8,7,HeHG + HeMS,0.0,0.0,
3.764724002307002,722.9369929305525,0.005060882616208171,1.019024545151059,1.3771174474224983,13.977326763874103,16.633979701600982,8,7,HeHG + HeMS,0.0,0.0,
3.764778578797002,724.2354783012128,0.006747843488277562,0.9541464770071766,1.3770558421372285,13.926391703767298,16.63267465384205,8,7,HeHG + HeMS,0.0,0.0,
3.764833155287002,725.5339636718732,0.008434804360346953,0.8892684088632942,1.376994236851959,13.875456643660492,16.631369606083116,8,7,HeHG + HeMS,0.0,0.0,
3.764887731777002,726.8324490425334,0.010121765232416343,0.8243903407194119,1.3769326315666892,13.824521583553688,16.630064558324186,8,7,HeHG + HeMS,0.0,0.0,
3.7649423082670017,728.1309344131938,0.011808726104485733,0.7595122725755294,1.3768710262814199,13.773586523446882,16.628759510565253,8,7,HeHG + HeMS,0.0,0.0,
3.764996884757002,729.4294197838542,0.013495686976555125,0.6946342044316471,1.3768094209961501,13.722651463340076,16.62745446280632,8,7,HeHG + HeMS,0.0,0.0,
3.765051461247002,730.7279051545145,0.015182647848624515,0.6297561362877647,1.3767478157108806,13.671716403233273,16.626149415047387,8,7,HeHG + HeMS,0.0,0.0,
3.7651060377370023,732.0263905251747,0.016869608720693905,0.5648780681438824,1.376686210425611,13.620781343126467,16.624844367288457,8,7,HeHG + HeMS,0.0,0.0,
3.765160614227002,733.3248758958351,0.018556569592763295,0.5,1.3766246051403415,13.569846283019661,16.623539319529524,14,7,BH + HeMS,0.0,0.0,"(14, 7)"
3.770746951890002,736.5577511322444,0.018556569592763295,0.5,1.3702547446449782,13.569846283019661,16.491015534338516,14,7,BH + HeMS,0.0,0.0,"(14, 7)"
3.7763704184300013,739.7931417961618,0.018556569592763295,0.5,1.3637192536233127,13.569846283019661,16.35954823613411,14,7,BH + HeMS,0.0,0.0,"(14, 7)"
3.782031603354001,743.0309470695187,0.018556569592763295,0.5,1.357003395079816,13.569846283019661,16.229129002637666,14,7,BH + HeMS,0.0,0.0,"(14, 7)"
3.7877311040250015,746.2710658331711,0.018556569592763295,0.5,1.350091562673589,13.569846283019661,16.099749478538428,14,7,BH + HeMS,0.0,0.0,"(14, 7)"
3.7934695258200013,749.5133966727146,0.018556569592763295,0.5,1.342967237300164,13.569846283019661,15.971401375228055,14,7,BH + HeMS,0.0,0.0,"(14, 7)"
3.799247482305001,752.7578378928578,0.018556569592763295,0.5,1.3356129417278317,13.569846283019661,15.844076470194242,14,7,BH + HeMS,0.0,0.0,"(14, 7)"
3.805065595414001,756.0042875327171,0.018556569592763295,0.5,1.328010193218197,13.569846283019661,15.717766606389542,14,7,BH + HeMS,0.0,0.0,"(14, 7)"
3.8109244956160016,759.2526433730968,0.018556569592763295,0.5,1.3201394540639733,13.569846283019661,15.592463691920438,14,7,BH + HeMS,0.0,0.0,"(14, 7)"
3.8168248221050023,762.5028029553016,0.018556569592763295,0.5,1.3119800799066534,13.569846283019661,15.468159699293153,14,7,BH + HeMS,0.0,0.0,"(14, 7)"
3.8227672229750023,765.7546635901806,0.018556569592763295,0.5,1.3035102657872946,13.569846283019661,15.344846665046866,14,7,BH + HeMS,0.0,0.0,"(14, 7)"
3.8287523554060026,769.0081223719001,0.018556569592763295,0.5,1.2947069897963999,13.569846283019661,15.22251668920889,14,7,BH + HeMS,0.0,0.0,"(14, 7)"
3.8347808858520023,772.2630761913415,0.018556569592763295,0.5,1.285545954229669,13.569846283019661,15.10116193477169,14,7,BH + HeMS,0.0,0.0,"(14, 7)"
3.8408534902300024,775.5194217485648,0.018556569592763295,0.5,1.2760015241422438,13.569846283019661,14.980774627211275,14,7,BH + HeMS,0.0,0.0,"(14, 7)"
3.8469708541130028,778.7770555659316,0.018556569592763295,0.5,1.2660466631832208,13.569846283019661,14.86134705398631,14,7,BH + HeMS,0.0,0.0,"(14, 7)"
3.8531336729240024,782.0358740002301,0.018556569592763295,0.5,1.2556528665963813,13.569846283019661,14.742871564079199,14,7,BH + HeMS,0.0,0.0,"(14, 7)"
3.8593426521390026,785.2957732580024,0.018556569592763295,0.5,1.2447900912497587,13.569846283019661,14.625340567425988,14,7,BH + HeMS,0.0,0.0,"(14, 7)"
3.865598507490003,788.5566494091906,0.018556569592763295,0.5,1.2334266825787017,13.569846283019661,14.508746534415518,14,7,BH + HeMS,0.0,0.0,"(14, 7)"
3.871901965162003,791.8183983960386,0.018556569592763295,0.5,1.2215292983203139,13.569846283019661,14.393081995561923,14,7,BH + HeMS,0.0,0.0,"(14, 7)"
3.8782537620080033,795.080916049749,0.018556569592763295,0.5,1.2090628288554075,13.569846283019661,14.278339540903074,14,7,BH + HeMS,0.0,0.0,"(14, 7)"
3.8846546457630033,798.3440981047911,0.018556569592763295,0.5,1.195990314043142,13.569846283019661,14.164511819491372,14,7,BH + HeMS,0.0,0.0,"(14, 7)"
3.891105375253003,801.6078402089139,0.018556569592763295,0.5,1.1822728564060119,13.569846283019661,14.05159153903893,14,7,BH + HeMS,0.0,0.0,"(14, 7)"
3.8976067206180027,804.872037938564,0.018556569592763295,0.5,1.1678695304677766,13.569846283019661,13.939571465377131,14,7,BH + HeMS,0.0,0.0,"(14, 7)"
3.904159463533003,808.1365868114148,0.018556569592763295,0.5,1.152737288109208,13.569846283019661,13.828444422021699,14,7,BH + HeMS,0.0,0.0,"(14, 7)"
3.9104996423750027,811.2709221642889,0.018556569592763295,0.5,1.1374815182812168,13.569846283019661,13.72259146905495,14,7,BH + HeMS,0.0,0.0,"(14, 7)"
3.910500642375003,811.2714141736328,0.018556569592763295,0.5,1.1374803056142246,13.569846283019661,13.722574917093585,14,8,BH + HeHG,0.0,0.0,"(14, 8)"
3.911329705288003,811.6795251590252,0.018556569592763295,0.5,1.1407286201107656,13.569846283019661,13.708852342169296,14,8,BH + HeHG,0.0,0.0,"(14, 8)"
3.912143366099003,812.0876382227934,0.018556569592763295,0.5,1.143976375079917,13.569846283019661,13.695143489832716,14,8,BH + HeHG,0.0,0.0,"(14, 8)"
3.912942042581003,812.4957531611196,0.018556569592763295,0.5,1.1472243531612552,13.569846283019661,13.681448346347025,14,8,BH + HeHG,0.0,0.0,"(14, 8)"
3.913726137656003,812.9038697696134,0.018556569592763295,0.5,1.1504733443262163,13.569846283019661,13.667766898008278,14,8,BH + HeHG,0.0,0.0,"(14, 8)"
3.914496040048003,813.3119878443457,0.018556569592763295,0.5,1.1537241465590176,13.569846283019661,13.654099131110636,14,8,BH + HeHG,0.0,0.0,"(14, 8)"
3.915252124898003,813.7201071807611,0.018556569592763295,0.5,1.156977566527371,13.569846283019661,13.640445031982884,14,8,BH + HeHG,0.0,0.0,"(14, 8)"
3.915994754351003,814.1282275745627,0.018556569592763295,0.5,1.1602344202769823,13.569846283019661,13.626804586958722,14,8,BH + HeHG,0.0,0.0,"(14, 8)"
3.916724278112003,814.5363488220951,0.018556569592763295,0.5,1.1634955339309492,13.569846283019661,13.613177782364057,14,8,BH + HeHG,0.0,0.0,"(14, 8)"
3.917441033970003,814.9444707185734,0.018556569592763295,0.5,1.1667617443817728,13.569846283019661,13.599564604576113,14,8,BH + HeHG,0.0,0.0,"(14, 8)"
3.918145348302003,815.3525930598954,0.018556569592763295,0.5,1.1700339000231992,13.569846283019661,13.585965039962936,14,8,BH + HeHG,0.0,0.0,"(14, 8)"
3.9188375365470027,815.7607156416808,0.018556569592763295,0.5,1.1733128614717605,13.569846283019661,13.572379074915451,14,8,BH + HeHG,0.0,0.0,"(14, 8)"
3.9195179036590027,816.1688382597243,0.018556569592763295,0.5,1.176599502312801,13.569846283019661,13.558806695832342,14,8,BH + HeHG,0.0,0.0,"(14, 8)"
3.920186744536003,816.5769607093913,0.018556569592763295,0.5,1.1798947098520383,13.569846283019661,13.54524788914018,14,8,BH + HeHG,0.0,0.0,"(14, 8)"
3.9208443444310026,816.9850827867664,0.018556569592763295,0.5,1.1831993858966068,13.569846283019661,13.531702641255213,14,8,BH + HeHG,0.0,0.0,"(14, 8)"
3.921490979340003,817.3932042878728,0.018556569592763295,0.5,1.1865144475367126,13.569846283019661,13.51817093860938,14,8,BH + HeHG,0.0,0.0,"(14, 8)"
3.9221269163720027,817.8013250082255,0.018556569592763295,0.5,1.1898408279473254,13.569846283019661,13.504652767665101,14,8,BH + HeHG,0.0,0.0,"(14, 8)"
3.9227524141030026,818.209444743395,0.018556569592763295,0.5,1.1931794772166682,13.569846283019661,13.49114811489652,14,8,BH + HeHG,0.0,0.0,"(14, 8)"
3.922752414103002,821.886640854792,0.02033810997026046,0.5,1.1301631611060619,13.569846283019661,13.379039291565453,14,8,BH + HeHG,0.0,0.0,
3.9227524141030026,825.563836966189,0.022119650347757622,0.5,1.0671468449954558,13.569846283019661,13.266930468234388,14,8,BH + HeHG,0.0,0.0,
3.9227524141030026,829.2410330775859,0.02390119072525479,0.5,1.0041305288848497,13.569846283019661,13.154821644903324,14,8,BH + HeHG,0.0,0.0,
3.9227524141030026,832.918229188983,0.025682731102751953,0.5,0.9411142127742433,13.569846283019661,13.042712821572257,14,8,BH + HeHG,0.0,0.0,
3.922752414103002,836.5954253003799,0.027464271480249117,0.5,0.8780978966636371,13.569846283019661,12.930603998241192,14,8,BH + HeHG,0.0,0.0,
3.9227524141030026,840.272621411777,0.02924581185774628,0.5,0.815081580553031,13.569846283019661,12.818495174910126,14,8,BH + HeHG,0.0,0.0,
3.9227524141030026,843.9498175231739,0.031027352235243444,0.5,0.7520652644424248,13.569846283019661,12.706386351579061,14,8,BH + HeHG,0.0,0.0,
3.9227524141030026,847.627013634571,0.032808892612740614,0.5,0.6890489483318185,13.569846283019661,12.594277528247995,14,8,BH + HeHG,0.0,0.0,
3.9227524141030026,851.3042097459679,0.03459043299023778,0.5,0.6260326322212124,13.569846283019661,12.48216870491693,14,8,BH + HeHG,0.0,0.0,
3.9227524141030026,854.9814058573648,0.03637197336773494,0.5,0.5630163161106062,13.569846283019661,12.370059881585865,14,8,BH + HeHG,0.0,0.0,
3.9227524141030026,858.6586019687619,0.038153513745232105,0.5,0.5,13.569846283019661,12.257951058254799,14,14,BH + BH,0.0,0.0,"(14, 14)"
3.9227524141030026,858.6586019687619,0.038153513745232105,0.5,0.5,13.569846283019661,12.257951058254799,14,14,BH + BH,0.0,0.0,"(14, 14)"
3.9227524141030026,858.6586019687619,0.038153513745232105,0.5,0.5,13.569846283019661,12.257951058254799,14,14,BH + BH,0.0,0.0,"(14, 14)"
3.9227524141030026,858.6586019687619,0.038153513745232105,0.5,0.5,13.569846283019661,12.257951058254799,14,14,BH + BH,0.0,0.0,"(14, 14)"
3.9227524141030026,858.6586019687619,0.038153513745232105,0.5,0.5,13.569846283019661,12.257951058254799,14,14,BH + BH,0.0,0.0,"(14, 14)"
3.9227524141030026,858.6586019687619,0.038153513745232105,0.5,0.5,13.569846283019661,12.257951058254799,14,14,BH + BH,0.0,0.0,"(14, 14)"
3.9227524141030026,858.6586019687619,0.038153513745232105,0.5,0.5,13.569846283019661,12.257951058254799,14,14,BH + BH,0.0,0.0,"(14, 14)"
3.9227524141030026,858.6586019687619,0.038153513745232105,0.5,0.5,13.569846283019661,12.257951058254799,14,14,BH + BH,0.0,0.0,"(14, 14)"
3.9227524141030026,858.6586019687619,0.038153513745232105,0.5,0.5,13.569846283019661,12.257951058254799,14,14,BH + BH,0.0,0.0,"(14, 14)"
3.9227524141030026,858.6586019687619,0.038153513745232105,0.5,0.5,13.569846283019661,12.257951058254799,14,14,BH + BH,0.0,0.0,"(14, 14)"
3.9227524141030026,858.6586019687619,0.038153513745232105,0.5,0.5,13.569846283019661,12.257951058254799,14,14,BH + BH,0.0,0.0,"(14, 14)"
3.9227524141030026,858.6586019687619,0.038153513745232105,0.5,0.5,13.569846283019661,12.257951058254799,14,14,BH + BH,0.0,0.0,"(14, 14)"
3.9227524141030026,858.6586019687619,0.038153513745232105,0.5,0.5,13.569846283019661,12.257951058254799,14,14,BH + BH,0.0,0.0,"(14, 14)"
3.9227524141030026,858.6586019687619,0.038153513745232105,0.5,0.5,13.569846283019661,12.257951058254799,14,14,BH + BH,0.0,0.0,"(14, 14)"
3.9227524141030026,858.6586019687619,0.038153513745232105,0.5,0.5,13.569846283019661,12.257951058254799,14,14,BH + BH,0.0,0.0,"(14, 14)"
3.9227524141030026,858.6586019687619,0.038153513745232105,0.5,0.5,13.569846283019661,12.257951058254799,14,14,BH + BH,0.0,0.0,"(14, 14)"
3.9227524141030026,858.6586019687619,0.038153513745232105,0.5,0.5,13.569846283019661,12.257951058254799,14,14,BH + BH,0.0,0.0,"(14, 14)"
3.9227524141030026,858.6586019687619,0.038153513745232105,0.5,0.5,13.569846283019661,12.257951058254799,14,14,BH + BH,0.0,0.0,"(14, 14)"
3.9227524141030026,858.6586019687619,0.038153513745232105,0.5,0.5,13.569846283019661,12.257951058254799,14,14,BH + BH,0.0,0.0,"(14, 14)"
3.9227524141030026,858.6586019687619,0.038153513745232105,0.5,0.5,13.569846283019661,12.257951058254799,14,14,BH + BH,0.0,0.0,"(14, 14)"
3.9227524141030026,858.6586019687619,0.038153513745232105,0.5,0.5,13.569846283019661,12.257951058254799,14,14,BH + BH,0.0,0.0,"(14, 14)"
3.9227524141030026,858.6586019687619,0.038153513745232105,0.5,0.5,13.569846283019661,12.257951058254799,14,14,BH + BH,0.0,0.0,"(14, 14)"
3.9227524141030026,858.6586019687619,0.038153513745232105,0.5,0.5,13.569846283019661,12.257951058254799,14,14,BH + BH,0.0,0.0,"(14, 14)"
3.9227524141030026,858.6586019687619,0.038153513745232105,0.5,0.5,13.569846283019661,12.257951058254799,14,14,BH + BH,0.0,0.0,"(14, 14)"
3.9227524141030026,858.6586019687619,0.038153513745232105,0.5,0.5,13.569846283019661,12.257951058254799,14,14,BH + BH,0.0,0.0,"(14, 14)"
